Metodo,PSNR Medio,SSIM Medio
Bicubic,22.80403583100294,0.6692120007560002
Lanczos,22.72388252710974,0.6629683102959005
VDSR,22.80257061377308,0.6692071438641854
Dummy_BasicVSR,22.041155402737306,0.632775936772375
Lite_BasicVSR,22.711791441027838,0.6678457677457612
Dummy_BasicVSR++,11.829979629253218,0.05541421999245567
Lite_BasicVSR++,22.721791441027838,0.6688457677457612
